"titles","covers","pages","original_publish_year","rating"
"Book 1","Hardcover",516,2005,2.21
"Book 2","Paperback",76,1935,3.42
"Book 3","Paperback",738,1945,3.95
"Book 4","Hardcover",373,2023,3.98
"Book 5","Paperback",136,1952,3.58
"Book 6","Paperback",588,1905,2.17
"Book 7","Paperback",107,1932,1.26
"Book 8","Hardcover",497,1996,4.98
"Book 9","Hardcover",382,1946,3.04
"Book 10","Paperback",50,2020,4.25
"Book 11","Paperback",24,1993,4.41
"Book 12","Hardcover",460,2011,1.91
"Book 13","Hardcover",655,2018,4.1
"Book 14","Paperback",339,1919,4.94
"Book 15","Hardcover",645,1972,3.52
"Book 16","Hardcover",259,1998,1.55
"Book 17","Paperback",701,2013,3.2
"Book 18","Hardcover",302,1931,1.74
"Book 19","Paperback",595,1942,2.52
"Book 20","Hardcover",474,1972,1.09
"Book 21","Paperback",625,1958,4.33
"Book 22","Paperback",271,1983,1.81
"Book 23","Hardcover",65,2021,3.48
"Book 24","Hardcover",491,1943,3.49
"Book 25","Paperback",237,1947,4.75
"Book 26","Hardcover",371,1923,1.59
"Book 27","Hardcover",710,1913,3.03
"Book 28","Paperback",208,1900,4.04
"Book 29","Paperback",66,1975,4.52
"Book 30","Hardcover",525,2022,1.08
"Book 31","Hardcover",291,1988,2.38
"Book 32","Hardcover",398,1912,2.21
"Book 33","Paperback",120,1945,1.82
"Book 34","Paperback",99,1939,1.83
"Book 35","Paperback",689,1988,2.64
"Book 36","Hardcover",507,2009,3.26
"Book 37","Paperback",679,1943,1.87
"Book 38","Hardcover",390,1953,2.92
"Book 39","Hardcover",666,2001,4.26
"Book 40","Paperback",466,1949,2.34
"Book 41","Paperback",401,1966,2.21
"Book 42","Hardcover",607,1911,4.68
"Book 43","Hardcover",293,1950,1.66
"Book 44","Paperback",66,1942,4.59
"Book 45","Hardcover",228,1932,2.44
"Book 46","Paperback",104,1961,2.62
"Book 47","Paperback",622,1975,4.2
"Book 48","Hardcover",584,1909,2.16
"Book 49","Hardcover",216,1916,3.04
"Book 50","Hardcover",249,1983,1.6
"Book 51","Paperback",123,1935,2.07
"Book 52","Paperback",571,1975,1.14
"Book 53","Paperback",604,1928,4.98
"Book 54","Hardcover",90,1916,3.62
"Book 55","Paperback",659,1918,1.21
"Book 56","Paperback",591,1992,3.07
"Book 57","Hardcover",711,2010,1.57
"Book 58","Hardcover",295,1913,3.87
"Book 59","Paperback",217,1913,1.85
"Book 60","Hardcover",392,1984,4.3
"Book 61","Hardcover",192,2022,1.58
"Book 62","Paperback",89,1972,3.17
"Book 63","Paperback",508,1974,3.1
"Book 64","Hardcover",217,1936,2.9
"Book 65","Hardcover",321,1992,3.41
"Book 66","Hardcover",274,1976,3.62
"Book 67","Hardcover",707,2009,2.88
"Book 68","Hardcover",674,1976,2.19
"Book 69","Hardcover",74,1948,3.29
"Book 70","Hardcover",363,1973,4.03
"Book 71","Hardcover",783,1906,4.81
"Book 72","Paperback",196,2015,4.72
"Book 73","Hardcover",197,1980,1.02
"Book 74","Hardcover",254,2011,3.59
"Book 75","Paperback",381,1932,4.61
"Book 76","Paperback",150,2003,2.12
"Book 77","Hardcover",294,1908,2.8
"Book 78","Paperback",181,2013,3.19
"Book 79","Hardcover",715,1975,3.85
"Book 80","Paperback",712,2018,3.57
"Book 81","Hardcover",523,1950,1.16
"Book 82","Hardcover",751,1968,3.41
"Book 83","Hardcover",516,1925,3.29
"Book 84","Paperback",558,1982,3.82
"Book 85","Paperback",665,1936,4.37
"Book 86","Paperback",683,1958,4.62
"Book 87","Hardcover",400,1973,3.82
"Book 88","Hardcover",402,1940,4.72
"Book 89","Hardcover",318,1900,3.49
"Book 90","Paperback",738,1908,2.72
"Book 91","Hardcover",263,1991,3.97
"Book 92","Paperback",113,1942,3.92
"Book 93","Hardcover",301,1925,4.93
"Book 94","Paperback",509,1981,1.14
"Book 95","Paperback",121,1954,3.33
"Book 96","Hardcover",108,1922,4.17
"Book 97","Hardcover",480,1919,4.2
"Book 98","Hardcover",54,1958,2.01
"Book 99","Hardcover",329,1939,2.19
"Book 100","Hardcover",460,1935,2.74
"Book 101","Hardcover",646,1987,3.05
"Book 102","Hardcover",187,1945,1.72
"Book 103","Paperback",247,1965,1.05
"Book 104","Hardcover",431,1992,2.75
"Book 105","Paperback",312,2003,3.06
"Book 106","Hardcover",639,1914,4.68
"Book 107","Paperback",232,1986,1.3
"Book 108","Paperback",95,1940,2.67
"Book 109","Hardcover",489,1912,3.79
"Book 110","Hardcover",306,1956,2.31
"Book 111","Paperback",630,1981,2.48
"Book 112","Hardcover",328,1957,4.12
"Book 113","Hardcover",643,1965,3.47
"Book 114","Paperback",123,2002,2.62
"Book 115","Paperback",640,1919,3.71
"Book 116","Hardcover",243,2010,3.44
"Book 117","Hardcover",255,1923,2.08
"Book 118","Hardcover",449,2016,3.86
"Book 119","Hardcover",557,1998,2.13
"Book 120","Paperback",164,1923,1.23
"Book 121","Paperback",182,1924,4.91
"Book 122","Paperback",475,1965,3.25
"Book 123","Hardcover",230,2011,2.63
"Book 124","Hardcover",692,1932,1.58
"Book 125","Hardcover",642,1947,2.17
"Book 126","Hardcover",210,1945,3.94
"Book 127","Paperback",255,1963,3.14
"Book 128","Paperback",569,2000,3.19
"Book 129","Paperback",207,2017,1.28
"Book 130","Hardcover",166,2004,1.27
"Book 131","Paperback",341,1913,1.67
"Book 132","Paperback",212,1982,2.08
"Book 133","Paperback",434,2000,1.71
"Book 134","Hardcover",406,1916,4.82
"Book 135","Paperback",144,1943,1.31
"Book 136","Paperback",272,1972,2.13
"Book 137","Paperback",703,1911,4.71
"Book 138","Paperback",693,1945,1.18
"Book 139","Paperback",233,1988,4.35
"Book 140","Paperback",796,1951,1.34
"Book 141","Hardcover",507,1964,4.15
"Book 142","Paperback",524,1921,2.46
"Book 143","Paperback",217,1983,2.79
"Book 144","Hardcover",523,1930,3.24
"Book 145","Paperback",620,1957,1.59
"Book 146","Hardcover",699,1926,3.33
"Book 147","Paperback",69,1952,4.17
"Book 148","Hardcover",243,1954,3.89
"Book 149","Hardcover",205,1985,1.64
"Book 150","Hardcover",530,1900,2.12
"Book 151","Paperback",343,1993,3.67
"Book 152","Paperback",732,1915,4.07
"Book 153","Paperback",384,2014,2.02
"Book 154","Paperback",290,1954,4.1
"Book 155","Hardcover",275,1966,1.79
"Book 156","Hardcover",176,1903,4.08
"Book 157","Hardcover",367,1967,2.01
"Book 158","Paperback",677,1979,1.06
"Book 159","Hardcover",615,1936,4.83
"Book 160","Hardcover",388,1920,3.51
"Book 161","Hardcover",555,2012,3.11
"Book 162","Paperback",304,1982,2.54
"Book 163","Paperback",607,1921,3.08
"Book 164","Paperback",50,1923,2.98
"Book 165","Paperback",450,1949,4.35
"Book 166","Hardcover",278,1980,1.56
"Book 167","Paperback",580,1999,1.03
"Book 168","Hardcover",363,1991,3.03
"Book 169","Paperback",353,1937,4.71
"Book 170","Paperback",577,1990,1.36
"Book 171","Paperback",385,1997,2.93
"Book 172","Paperback",436,1914,2.4
"Book 173","Paperback",552,1965,4.46
"Book 174","Paperback",237,1977,2.19
"Book 175","Hardcover",408,2015,3.86
"Book 176","Paperback",602,1915,2.82
"Book 177","Hardcover",268,1980,1.79
"Book 178","Hardcover",135,1981,3.94
"Book 179","Hardcover",80,1951,1.76
"Book 180","Hardcover",582,1934,1.84
"Book 181","Paperback",651,2018,1.27
"Book 182","Hardcover",441,1954,4.99
"Book 183","Hardcover",236,2021,4.05
"Book 184","Paperback",520,1938,4.99
"Book 185","Paperback",366,1955,2.85
"Book 186","Paperback",542,2016,4.63
"Book 187","Paperback",242,1933,1.06
"Book 188","Paperback",227,2008,1.05
"Book 189","Paperback",655,1959,3.81
"Book 190","Hardcover",592,1909,2.08
"Book 191","Paperback",540,1928,3.21
"Book 192","Paperback",500,1941,3.71
"Book 193","Hardcover",404,1912,2.88
"Book 194","Hardcover",82,1949,3.49
"Book 195","Paperback",213,1902,2.89
"Book 196","Hardcover",90,1927,4.74
"Book 197","Hardcover",706,1992,1.4
"Book 198","Hardcover",146,1945,2.91
"Book 199","Hardcover",253,2008,3.15
"Book 200","Hardcover",26,2004,2.06
"Book 201","Hardcover",312,1953,2.57
"Book 202","Hardcover",324,1948,1.67
"Book 203","Paperback",591,1921,1.2
"Book 204","Hardcover",414,1950,4.37
"Book 205","Paperback",20,1938,1.63
"Book 206","Hardcover",648,1996,3.06
"Book 207","Paperback",702,1907,1.16
"Book 208","Paperback",687,1957,2.44
"Book 209","Hardcover",145,1936,4.16
"Book 210","Hardcover",92,1957,2.2
"Book 211","Paperback",650,1906,2.15
"Book 212","Paperback",535,1910,2.2
"Book 213","Paperback",225,2002,3.46
"Book 214","Paperback",635,1914,4.87
"Book 215","Paperback",114,1927,1.06
"Book 216","Hardcover",728,2022,4.6
"Book 217","Hardcover",699,2020,1.45
"Book 218","Paperback",799,2014,3.6
"Book 219","Paperback",289,1970,3.51
"Book 220","Paperback",84,1901,2.59
"Book 221","Hardcover",548,1942,1
"Book 222","Hardcover",664,1922,4.16
"Book 223","Paperback",690,1921,4.33
"Book 224","Hardcover",323,2008,1.3
"Book 225","Hardcover",81,1942,4.85
"Book 226","Hardcover",87,2015,3.98
"Book 227","Paperback",41,1998,3.68
"Book 228","Hardcover",43,1944,3.25
"Book 229","Paperback",314,1900,2.77
"Book 230","Hardcover",528,1990,4.58
"Book 231","Hardcover",644,1914,2.64
"Book 232","Hardcover",621,1926,1.35
"Book 233","Hardcover",672,1982,1.25
"Book 234","Paperback",47,1935,4.49
"Book 235","Hardcover",182,2007,2.23
"Book 236","Hardcover",767,1995,1.24
"Book 237","Hardcover",483,1976,2.61
"Book 238","Paperback",90,1948,1.75
"Book 239","Hardcover",194,2016,2.29
"Book 240","Hardcover",404,1979,3.43
"Book 241","Paperback",148,2007,3.28
"Book 242","Paperback",83,1982,2.48
"Book 243","Hardcover",278,1975,2.98
"Book 244","Hardcover",112,1922,1.65
"Book 245","Paperback",315,1948,1.1
"Book 246","Hardcover",147,2022,2.34
"Book 247","Paperback",410,1926,2.77
"Book 248","Hardcover",319,1928,2.89
"Book 249","Hardcover",308,2004,2.84
"Book 250","Paperback",402,1941,4.8
"Book 251","Hardcover",488,1923,1.82
"Book 252","Hardcover",747,1949,4.64
"Book 253","Hardcover",327,1998,1.05
"Book 254","Paperback",189,1942,2.63
"Book 255","Paperback",399,1940,1.23
"Book 256","Paperback",550,1937,3.63
"Book 257","Hardcover",628,1974,1.27
"Book 258","Hardcover",563,2005,4.69
"Book 259","Hardcover",584,1973,1.45
"Book 260","Hardcover",744,1970,2.3
"Book 261","Hardcover",176,1980,1.82
"Book 262","Paperback",773,1913,2.1
"Book 263","Hardcover",675,1903,3.35
"Book 264","Hardcover",140,1913,1.35
"Book 265","Hardcover",335,1929,4.96
"Book 266","Paperback",718,2008,4.05
"Book 267","Paperback",164,1966,2.86
"Book 268","Paperback",523,2002,3.11
"Book 269","Hardcover",438,1946,4.79
"Book 270","Paperback",122,1918,4.03
"Book 271","Hardcover",218,2004,4.11
"Book 272","Paperback",791,1947,2.85
"Book 273","Paperback",529,1960,1.22
"Book 274","Paperback",34,1947,2.3
"Book 275","Hardcover",451,1949,1.95
"Book 276","Hardcover",283,1941,1.79
"Book 277","Hardcover",310,1900,3.82
"Book 278","Paperback",563,1926,2.01
"Book 279","Hardcover",720,2023,4.57
"Book 280","Paperback",204,2018,4.02
"Book 281","Hardcover",272,1959,2.72
"Book 282","Paperback",571,1905,3.48
"Book 283","Hardcover",134,1948,2.4
"Book 284","Hardcover",334,1925,4.14
"Book 285","Paperback",701,1952,3.93
"Book 286","Paperback",473,1929,4.86
"Book 287","Hardcover",670,1981,1.22
"Book 288","Hardcover",61,1917,3.44
"Book 289","Paperback",660,2020,2.58
"Book 290","Paperback",534,1931,1.62
"Book 291","Paperback",481,1991,3.25
"Book 292","Hardcover",64,1905,2.9
"Book 293","Hardcover",707,1971,3.09
"Book 294","Paperback",598,2007,2.23
"Book 295","Hardcover",109,1963,2.44
"Book 296","Hardcover",364,1923,4.84
"Book 297","Paperback",493,1969,3.02
"Book 298","Paperback",661,1971,2.16
"Book 299","Hardcover",723,1976,2.37
"Book 300","Hardcover",716,2011,3.29
"Book 301","Paperback",678,1918,4.77
"Book 302","Hardcover",407,1943,1.54
"Book 303","Hardcover",177,2020,3.75
"Book 304","Hardcover",792,1902,4.49
"Book 305","Hardcover",178,1991,4.14
"Book 306","Paperback",724,1968,2.01
"Book 307","Paperback",211,2005,1.66
"Book 308","Paperback",688,1926,1.01
"Book 309","Paperback",395,1922,1.48
"Book 310","Paperback",311,1920,3.53
"Book 311","Hardcover",160,1959,2.03
"Book 312","Hardcover",578,2010,1.07
"Book 313","Hardcover",729,1995,3.63
"Book 314","Hardcover",775,1996,3.38
"Book 315","Hardcover",318,1984,3.7
"Book 316","Hardcover",615,1900,2.08
"Book 317","Paperback",704,1919,1.01
"Book 318","Hardcover",112,2023,2.57
"Book 319","Hardcover",568,1947,4.05
"Book 320","Paperback",536,1931,2.57
"Book 321","Hardcover",170,1948,3.91
"Book 322","Hardcover",742,1978,3.71
"Book 323","Paperback",759,2014,3.94
"Book 324","Hardcover",631,2001,4.94
"Book 325","Hardcover",125,1929,3.74
"Book 326","Paperback",281,1952,1.09
"Book 327","Hardcover",485,1957,4.58
"Book 328","Paperback",317,1927,1.38
"Book 329","Paperback",203,1949,2.57
"Book 330","Paperback",79,1981,3.17
"Book 331","Paperback",253,1961,4.91
"Book 332","Hardcover",89,2019,3.3
"Book 333","Hardcover",443,2021,3.7
"Book 334","Paperback",314,1924,3.53
"Book 335","Paperback",229,1970,1.95
"Book 336","Hardcover",313,1970,4.69
"Book 337","Hardcover",284,1905,2.84
"Book 338","Paperback",720,1912,1.19
"Book 339","Hardcover",446,1966,4.08
"Book 340","Paperback",626,1958,4.35
"Book 341","Paperback",255,2016,3.6
"Book 342","Paperback",437,1962,3.11
"Book 343","Paperback",336,1933,2.08
"Book 344","Hardcover",575,1901,3.55
"Book 345","Hardcover",427,1964,2.01
"Book 346","Hardcover",763,1937,4.94
"Book 347","Paperback",553,1947,2.29
"Book 348","Hardcover",33,1993,4.92
"Book 349","Paperback",247,1939,4.17
"Book 350","Paperback",665,1978,2.81
"Book 351","Hardcover",281,1947,1.06
"Book 352","Hardcover",547,2008,2.21
"Book 353","Paperback",164,2013,1.06
"Book 354","Hardcover",694,1933,1.03
"Book 355","Hardcover",203,1917,4.01
"Book 356","Paperback",711,1991,3.4
"Book 357","Paperback",581,2020,1.74
"Book 358","Hardcover",736,1960,1.83
"Book 359","Hardcover",672,1937,2.03
"Book 360","Hardcover",472,2021,3.14
"Book 361","Paperback",206,1942,2.19
"Book 362","Hardcover",323,1958,3.3
"Book 363","Paperback",705,2013,5
"Book 364","Paperback",735,1903,4.27
"Book 365","Hardcover",567,1928,3.47
"Book 366","Hardcover",462,1956,1.85
"Book 367","Paperback",123,1933,3.05
"Book 368","Paperback",544,2000,4.27
"Book 369","Paperback",271,1976,1.29
"Book 370","Hardcover",181,1903,3.52
"Book 371","Paperback",228,1937,3.75
"Book 372","Paperback",250,1959,2.94
"Book 373","Paperback",252,1931,2.8
"Book 374","Hardcover",373,1982,2.96
"Book 375","Paperback",285,1950,4.15
"Book 376","Hardcover",256,1964,2.83
"Book 377","Paperback",422,2022,1.85
"Book 378","Hardcover",79,1928,3.27
"Book 379","Hardcover",41,2010,1.51
"Book 380","Paperback",663,1966,4.96
"Book 381","Hardcover",395,1930,2.36
"Book 382","Hardcover",616,1922,1.92
"Book 383","Paperback",786,1933,4.03
"Book 384","Hardcover",436,1934,4.19
"Book 385","Paperback",283,2019,2.52
"Book 386","Paperback",312,1945,4.58
"Book 387","Hardcover",237,1925,3.08
"Book 388","Hardcover",25,1953,4.48
"Book 389","Paperback",193,1985,1.92
"Book 390","Hardcover",352,2017,3.92
"Book 391","Paperback",399,1986,2.37
"Book 392","Paperback",547,1980,1.97
"Book 393","Paperback",748,1994,2.64
"Book 394","Paperback",671,2016,1.24
"Book 395","Paperback",726,1982,2.7
"Book 396","Paperback",590,1905,1.87
"Book 397","Paperback",112,2009,1.85
"Book 398","Hardcover",177,1969,1.46
"Book 399","Paperback",318,1904,3.39
"Book 400","Hardcover",797,1961,1.38
"Book 401","Hardcover",794,1909,4.96
"Book 402","Hardcover",254,1957,1.81
"Book 403","Paperback",251,1989,2.28
"Book 404","Paperback",422,1995,2.31
"Book 405","Hardcover",226,1975,3.56
"Book 406","Paperback",366,1992,1.06
"Book 407","Paperback",186,1932,3.89
"Book 408","Hardcover",240,1995,3.93
"Book 409","Hardcover",290,1981,3.11
"Book 410","Hardcover",69,2004,3.9
"Book 411","Paperback",148,1987,3.73
"Book 412","Paperback",491,1959,4.41
"Book 413","Paperback",268,1948,4.26
"Book 414","Hardcover",94,1934,1.29
"Book 415","Paperback",547,1978,1
"Book 416","Paperback",751,1948,4.37
"Book 417","Paperback",492,1969,4.2
"Book 418","Paperback",409,1908,3.78
"Book 419","Hardcover",211,1900,2.56
"Book 420","Paperback",779,2020,4.3
"Book 421","Paperback",146,1946,1.74
"Book 422","Hardcover",315,1948,4.47
"Book 423","Paperback",540,1928,3.57
"Book 424","Hardcover",444,1917,2.14
"Book 425","Hardcover",429,1906,3.4
"Book 426","Hardcover",684,1972,1.15
"Book 427","Paperback",39,1945,2.74
"Book 428","Hardcover",661,2023,2.8
"Book 429","Hardcover",665,1930,3.82
"Book 430","Hardcover",202,1967,3.59
"Book 431","Hardcover",173,1976,3.67
"Book 432","Hardcover",520,1929,2.45
"Book 433","Paperback",284,1961,1.78
"Book 434","Hardcover",511,1994,2.73
"Book 435","Hardcover",419,1993,3.05
"Book 436","Paperback",696,1956,2.69
"Book 437","Paperback",417,1986,1.24
"Book 438","Paperback",572,1903,2.88
"Book 439","Paperback",449,1932,4.92
"Book 440","Paperback",326,1985,4.97
"Book 441","Hardcover",506,2011,4.51
"Book 442","Hardcover",379,1986,2.5
"Book 443","Paperback",27,2011,4.7
"Book 444","Paperback",231,1932,1.71
"Book 445","Paperback",571,2015,3.36
"Book 446","Paperback",524,1989,1.81
"Book 447","Hardcover",759,1961,2.5
"Book 448","Paperback",383,1908,3.44
"Book 449","Hardcover",664,2015,2.08
"Book 450","Paperback",153,1929,2.14
"Book 451","Paperback",563,2009,3.62
"Book 452","Hardcover",776,1964,3.5
"Book 453","Hardcover",28,1903,1.05
"Book 454","Hardcover",23,1979,1.8
"Book 455","Hardcover",627,1997,1.3
"Book 456","Paperback",65,1901,4.58
"Book 457","Paperback",680,1960,4.45
"Book 458","Hardcover",305,1908,1.12
"Book 459","Paperback",262,1995,1.98
"Book 460","Hardcover",254,2006,3.7
"Book 461","Hardcover",107,1992,3.28
"Book 462","Paperback",286,1922,4.52
"Book 463","Hardcover",701,1968,3.52
"Book 464","Paperback",522,1909,2.29
"Book 465","Hardcover",606,2020,3.56
"Book 466","Hardcover",656,1902,1.1
"Book 467","Hardcover",26,1994,1.07
"Book 468","Hardcover",585,1947,4
"Book 469","Hardcover",460,1932,4.01
"Book 470","Hardcover",290,2020,1.05
"Book 471","Hardcover",302,1977,1.39
"Book 472","Hardcover",433,1963,1.89
"Book 473","Paperback",316,1981,2.7
"Book 474","Hardcover",703,1933,3.17
"Book 475","Paperback",378,1950,3.7
"Book 476","Hardcover",438,1948,4.53
"Book 477","Hardcover",752,1921,2.96
"Book 478","Hardcover",168,1902,4.68
"Book 479","Paperback",143,1912,4.2
"Book 480","Hardcover",423,1941,2.39
"Book 481","Paperback",389,1963,4.4
"Book 482","Hardcover",646,1982,2.57
"Book 483","Paperback",701,1952,2.96
"Book 484","Hardcover",344,1988,4
"Book 485","Paperback",220,1947,3.2
"Book 486","Hardcover",749,1913,4.83
"Book 487","Paperback",88,1944,1.25
"Book 488","Paperback",604,1990,3.16
"Book 489","Paperback",88,2023,4.3
"Book 490","Hardcover",717,1996,3.37
"Book 491","Hardcover",281,1946,1.7
"Book 492","Hardcover",150,1991,4.65
"Book 493","Hardcover",417,2018,2.33
"Book 494","Hardcover",45,1962,1.85
"Book 495","Hardcover",663,1905,2.66
"Book 496","Hardcover",490,1928,1.64
"Book 497","Paperback",159,1981,1.52
"Book 498","Hardcover",523,1905,4.65
"Book 499","Hardcover",86,1962,3.95
"Book 500","Hardcover",361,2023,4.93
"Book 501","Paperback",591,1947,2.24
"Book 502","Paperback",156,1997,4.71
"Book 503","Paperback",643,1927,1.02
"Book 504","Paperback",677,1936,3.84
"Book 505","Hardcover",155,1977,2.38
"Book 506","Hardcover",510,1981,3.09
"Book 507","Hardcover",425,1979,3.81
"Book 508","Paperback",422,1956,1.44
"Book 509","Paperback",574,1945,2.73
"Book 510","Paperback",60,1904,1.54
"Book 511","Hardcover",239,1909,2.1
"Book 512","Paperback",494,1927,1.87
"Book 513","Hardcover",106,1914,2.2
"Book 514","Paperback",168,2003,3.39
"Book 515","Paperback",616,1916,1.79
"Book 516","Hardcover",50,1997,4.31
"Book 517","Paperback",355,2002,1.56
"Book 518","Hardcover",477,2003,4.11
"Book 519","Hardcover",308,1991,4.37
"Book 520","Paperback",540,2022,3.49
"Book 521","Hardcover",503,1929,3.11
"Book 522","Hardcover",316,1928,4.33
"Book 523","Hardcover",266,1986,4.8
"Book 524","Hardcover",56,1990,1.15
"Book 525","Hardcover",711,1909,2.89
"Book 526","Paperback",315,1937,4.07
"Book 527","Hardcover",581,1977,2.89
"Book 528","Hardcover",37,2021,3.46
"Book 529","Hardcover",700,1915,4.84
"Book 530","Paperback",192,1906,2.66
"Book 531","Hardcover",359,1908,2.36
"Book 532","Hardcover",399,2006,4.46
"Book 533","Hardcover",627,1906,4.03
"Book 534","Hardcover",555,1942,4.85
"Book 535","Paperback",396,1900,4.72
"Book 536","Paperback",672,2023,1.96
"Book 537","Paperback",612,1984,2.37
"Book 538","Hardcover",437,1922,4.17
"Book 539","Paperback",276,1997,2.06
"Book 540","Paperback",655,1934,2.1
"Book 541","Paperback",173,1970,4.95
"Book 542","Hardcover",52,1957,2.12
"Book 543","Paperback",422,2017,4.72
"Book 544","Hardcover",669,2011,4.24
"Book 545","Hardcover",354,1913,4.51
"Book 546","Paperback",455,1991,4.48
"Book 547","Paperback",427,2012,1.02
"Book 548","Paperback",159,1910,3.99
"Book 549","Hardcover",528,1923,2.58
"Book 550","Paperback",358,1997,3.6
"Book 551","Paperback",379,1976,2.92
"Book 552","Hardcover",663,2018,3.77
"Book 553","Hardcover",186,2023,4.45
"Book 554","Hardcover",314,1983,4.06
"Book 555","Paperback",779,1915,1.52
"Book 556","Hardcover",34,1911,2.74
"Book 557","Paperback",719,1940,4.89
"Book 558","Hardcover",196,1917,3.49
"Book 559","Hardcover",432,1908,3.26
"Book 560","Paperback",276,1963,4.79
"Book 561","Paperback",374,1996,3.16
"Book 562","Paperback",471,2008,3.49
"Book 563","Paperback",359,1909,4.39
"Book 564","Hardcover",189,2019,1.68
"Book 565","Paperback",209,2020,4.01
"Book 566","Paperback",374,2003,1.65
"Book 567","Paperback",794,1910,2.48
"Book 568","Hardcover",325,1903,2.76
"Book 569","Paperback",791,1944,2.18
"Book 570","Paperback",604,2001,1.02
"Book 571","Paperback",111,1944,2.54
"Book 572","Hardcover",192,1989,3.63
"Book 573","Hardcover",62,1989,3.19
"Book 574","Hardcover",691,1941,3.76
"Book 575","Paperback",239,1934,2.9
"Book 576","Paperback",612,1901,3.02
"Book 577","Paperback",512,1988,1.88
"Book 578","Paperback",44,1947,1.89
"Book 579","Paperback",360,1913,3.08
"Book 580","Hardcover",256,1980,4.93
"Book 581","Paperback",518,1989,4.39
"Book 582","Paperback",32,1993,4.42
"Book 583","Hardcover",497,1911,3.17
"Book 584","Hardcover",722,1999,2.89
"Book 585","Hardcover",775,1957,2.39
"Book 586","Hardcover",322,1934,4.69
"Book 587","Hardcover",632,1988,1.88
"Book 588","Paperback",377,1965,1.72
"Book 589","Hardcover",448,1907,3.16
"Book 590","Paperback",449,1957,4.5
"Book 591","Hardcover",330,2007,3.56
"Book 592","Paperback",502,1979,2.86
"Book 593","Hardcover",763,1958,1.59
"Book 594","Hardcover",332,1980,4.95
"Book 595","Paperback",41,2001,4.13
"Book 596","Hardcover",731,1903,3.84
"Book 597","Hardcover",749,1921,3.11
"Book 598","Paperback",219,1972,3.17
"Book 599","Hardcover",757,1937,4.93
"Book 600","Hardcover",158,2008,1.02
"Book 601","Hardcover",699,1955,1.51
"Book 602","Hardcover",488,2018,1.52
"Book 603","Hardcover",346,1983,2.15
"Book 604","Hardcover",229,1977,4.96
"Book 605","Hardcover",378,2004,3.9
"Book 606","Paperback",127,1940,4.07
"Book 607","Hardcover",282,1954,2.59
"Book 608","Hardcover",461,1926,3.3
"Book 609","Paperback",237,1955,4.14
"Book 610","Paperback",21,1966,3.97
"Book 611","Hardcover",785,1971,2.38
"Book 612","Hardcover",131,1979,2.7
"Book 613","Hardcover",90,1921,4.34
"Book 614","Paperback",792,1986,3.07
"Book 615","Paperback",494,1994,2.47
"Book 616","Paperback",453,1957,1.27
"Book 617","Paperback",516,1986,3.43
"Book 618","Hardcover",147,2020,2.2
"Book 619","Hardcover",681,1921,2.45
"Book 620","Hardcover",561,1996,4.06
"Book 621","Hardcover",520,1978,4.53
"Book 622","Hardcover",392,1912,4.31
"Book 623","Paperback",209,2014,4.51
"Book 624","Paperback",604,2009,3.42
"Book 625","Paperback",511,1910,3.87
"Book 626","Hardcover",81,1989,3.6
"Book 627","Paperback",241,1917,2.78
"Book 628","Paperback",420,1947,3.69
"Book 629","Paperback",729,2020,2.04
"Book 630","Paperback",661,1998,2.72
"Book 631","Paperback",274,1996,3.82
"Book 632","Paperback",202,1927,4.5
"Book 633","Paperback",21,1957,2.67
"Book 634","Hardcover",353,1928,1.46
"Book 635","Hardcover",593,1958,1.63
"Book 636","Paperback",630,1938,2.54
"Book 637","Paperback",215,1988,1.3
"Book 638","Hardcover",588,1994,2.95
"Book 639","Hardcover",639,1909,4.92
"Book 640","Hardcover",192,2016,4.31
"Book 641","Hardcover",378,2010,3.49
"Book 642","Hardcover",174,1927,1.06
"Book 643","Hardcover",739,1964,3.12
"Book 644","Hardcover",751,1931,1.74
"Book 645","Paperback",795,1935,3.23
"Book 646","Paperback",666,1958,4.47
"Book 647","Hardcover",172,1992,3.87
"Book 648","Hardcover",336,1963,2.87
"Book 649","Paperback",296,2017,2.06
"Book 650","Hardcover",641,1924,1.07
"Book 651","Paperback",649,1920,4.32
"Book 652","Hardcover",359,1914,3.42
"Book 653","Paperback",58,1972,4.36
"Book 654","Paperback",81,1950,4.48
"Book 655","Hardcover",797,1991,3.95
"Book 656","Hardcover",799,1970,2.91
"Book 657","Hardcover",493,1907,3.61
"Book 658","Hardcover",26,1984,3.16
"Book 659","Hardcover",659,1989,2.65
"Book 660","Hardcover",509,1978,3.18
"Book 661","Hardcover",336,1921,4.18
"Book 662","Hardcover",417,1969,4.34
"Book 663","Hardcover",523,1903,1.56
"Book 664","Hardcover",650,1989,2.82
"Book 665","Paperback",685,1988,4.72
"Book 666","Hardcover",768,2023,4.81
"Book 667","Paperback",98,2001,1.85
"Book 668","Hardcover",230,1946,3.06
"Book 669","Paperback",387,1965,1.89
"Book 670","Paperback",663,1984,4.46
"Book 671","Hardcover",789,2000,1.35
"Book 672","Hardcover",146,1915,4.38
"Book 673","Hardcover",635,1914,3.19
"Book 674","Hardcover",118,1942,1.31
"Book 675","Hardcover",415,1906,1.84
"Book 676","Hardcover",104,1966,1.11
"Book 677","Hardcover",23,1960,3.71
"Book 678","Hardcover",57,2014,3.69
"Book 679","Hardcover",271,1936,1.95
"Book 680","Hardcover",404,1947,4.06
"Book 681","Hardcover",509,1957,3.98
"Book 682","Hardcover",416,1964,2.68
"Book 683","Hardcover",397,1922,1.93
"Book 684","Paperback",129,1968,3.9
"Book 685","Hardcover",52,1923,4.51
"Book 686","Hardcover",699,1978,3.45
"Book 687","Hardcover",298,1949,4.19
"Book 688","Hardcover",655,1939,2.27
"Book 689","Hardcover",227,1938,1.18
"Book 690","Paperback",501,1932,3.06
"Book 691","Paperback",742,1903,1.32
"Book 692","Hardcover",290,2018,2
"Book 693","Paperback",436,1952,1.48
"Book 694","Paperback",503,1993,1.47
"Book 695","Hardcover",667,1995,4.46
"Book 696","Hardcover",369,1985,4.82
"Book 697","Hardcover",353,1967,4.33
"Book 698","Paperback",295,1987,2.64
"Book 699","Paperback",103,1973,2.11
"Book 700","Paperback",164,1970,1.28
"Book 701","Paperback",637,1997,4.32
"Book 702","Paperback",26,1916,4.22
"Book 703","Paperback",685,1951,2.1
"Book 704","Paperback",297,2002,3.63
"Book 705","Hardcover",161,1945,4.66
"Book 706","Paperback",446,2008,2.47
"Book 707","Paperback",101,1960,4.53
"Book 708","Paperback",645,1992,3.24
"Book 709","Paperback",288,1992,3.91
"Book 710","Hardcover",512,1973,2.67
"Book 711","Paperback",573,1923,1.81
"Book 712","Paperback",709,1993,1.97
"Book 713","Paperback",414,2016,2.86
"Book 714","Paperback",637,1903,4.48
"Book 715","Paperback",395,1965,3.37
"Book 716","Paperback",361,2018,1.53
"Book 717","Paperback",470,1933,1.28
"Book 718","Paperback",410,2005,1.96
"Book 719","Hardcover",282,1965,4.3
"Book 720","Hardcover",387,2023,4.34
"Book 721","Hardcover",603,1919,3.14
"Book 722","Hardcover",444,1929,1.79
"Book 723","Paperback",570,1955,1.23
"Book 724","Hardcover",139,1911,2.35
"Book 725","Hardcover",688,1938,1.62
"Book 726","Paperback",335,1938,3.06
"Book 727","Hardcover",452,1953,1.51
"Book 728","Paperback",403,1903,4.43
"Book 729","Paperback",669,1907,3.39
"Book 730","Hardcover",520,1988,4.22
"Book 731","Paperback",155,1957,2.61
"Book 732","Paperback",534,1931,3.05
"Book 733","Hardcover",73,1985,4.66
"Book 734","Hardcover",793,1924,2.76
"Book 735","Hardcover",541,1904,3.44
"Book 736","Paperback",148,1998,1.23
"Book 737","Hardcover",335,1960,4.94
"Book 738","Hardcover",221,1991,1.93
"Book 739","Hardcover",621,1984,4.5
"Book 740","Paperback",686,1986,4.7
"Book 741","Hardcover",423,1993,2.18
"Book 742","Hardcover",541,1994,3.2
"Book 743","Hardcover",343,1923,1.59
"Book 744","Paperback",345,1947,3.23
"Book 745","Hardcover",77,1977,2.35
"Book 746","Paperback",692,1936,4.82
"Book 747","Paperback",606,1944,3.2
"Book 748","Hardcover",165,1994,3.82
"Book 749","Paperback",64,1901,2.5
"Book 750","Paperback",460,1932,3.5
"Book 751","Hardcover",628,2008,4.44
"Book 752","Paperback",273,1997,3.69
"Book 753","Hardcover",633,1920,1.97
"Book 754","Hardcover",468,1943,3.62
"Book 755","Paperback",536,1995,1.42
"Book 756","Hardcover",96,1901,1.32
"Book 757","Hardcover",560,1937,4.51
"Book 758","Paperback",329,1938,4.74
"Book 759","Hardcover",668,2014,3.55
"Book 760","Hardcover",130,1971,1.23
"Book 761","Hardcover",98,1901,4.57
"Book 762","Paperback",170,2007,2.17
"Book 763","Paperback",393,2010,2.2
"Book 764","Hardcover",103,1953,4.11
"Book 765","Hardcover",613,1977,4.2
"Book 766","Hardcover",276,1947,2.8
"Book 767","Hardcover",742,1959,1.29
"Book 768","Hardcover",55,1973,2.44
"Book 769","Paperback",760,1990,4.45
"Book 770","Hardcover",522,1902,3.96
"Book 771","Hardcover",588,1988,4.72
"Book 772","Hardcover",501,1974,4.64
"Book 773","Paperback",34,2004,1.55
"Book 774","Paperback",598,1985,1.86
"Book 775","Hardcover",288,2020,4
"Book 776","Paperback",532,1986,2.63
"Book 777","Paperback",668,1946,4.86
"Book 778","Hardcover",84,1928,2.16
"Book 779","Paperback",177,2021,1.25
"Book 780","Hardcover",583,2023,4.89
"Book 781","Hardcover",435,1988,1.4
"Book 782","Paperback",734,1920,2.98
"Book 783","Hardcover",545,1924,1.03
"Book 784","Hardcover",546,1953,3.53
"Book 785","Hardcover",182,1902,3.63
"Book 786","Hardcover",413,1941,1.73
"Book 787","Hardcover",167,2010,2.98
"Book 788","Paperback",54,1982,1.93
"Book 789","Paperback",465,1923,4.64
"Book 790","Paperback",779,1995,3.7
"Book 791","Paperback",131,1963,4.79
"Book 792","Paperback",682,1931,3.85
"Book 793","Paperback",135,1922,1.14
"Book 794","Paperback",75,1906,4.99
"Book 795","Paperback",291,1986,3.84
"Book 796","Hardcover",608,1991,4.72
"Book 797","Paperback",326,2008,1.11
"Book 798","Paperback",236,1941,2.67
"Book 799","Hardcover",670,2003,3.13
"Book 800","Hardcover",58,1959,2.69
"Book 801","Paperback",721,1977,4.52
"Book 802","Hardcover",587,1967,3.66
"Book 803","Paperback",502,1993,1.58
"Book 804","Paperback",528,1919,4.06
"Book 805","Paperback",780,1918,1.6
"Book 806","Hardcover",252,2001,3.14
"Book 807","Hardcover",407,1992,2.43
"Book 808","Hardcover",792,1900,3.13
"Book 809","Hardcover",503,2022,1.89
"Book 810","Hardcover",82,1962,1.83
"Book 811","Hardcover",510,1982,2.16
"Book 812","Hardcover",605,2021,2.34
"Book 813","Paperback",546,2021,2.42
"Book 814","Hardcover",724,2013,1.18
"Book 815","Hardcover",194,2008,2.53
"Book 816","Hardcover",685,2003,3.26
"Book 817","Paperback",391,1904,2.04
"Book 818","Hardcover",612,1988,1.34
"Book 819","Hardcover",565,1946,3.92
"Book 820","Hardcover",452,1980,2.62
"Book 821","Paperback",543,1940,1.21
"Book 822","Paperback",350,1936,3.42
"Book 823","Hardcover",237,1976,1.12
"Book 824","Paperback",537,1942,1.54
"Book 825","Hardcover",383,1905,4.44
"Book 826","Paperback",586,1946,3.91
"Book 827","Paperback",262,2014,4.43
"Book 828","Hardcover",730,2004,2.95
"Book 829","Paperback",268,1968,3.24
"Book 830","Paperback",438,1948,4.34
"Book 831","Paperback",90,2021,2.68
"Book 832","Hardcover",90,1965,1.45
"Book 833","Hardcover",289,1918,4.91
"Book 834","Paperback",350,1993,1.32
"Book 835","Paperback",285,2004,1.76
"Book 836","Hardcover",24,1992,4.43
"Book 837","Hardcover",485,1997,1.69
"Book 838","Hardcover",26,1927,2.54
"Book 839","Paperback",209,1974,4.85
"Book 840","Paperback",746,1985,3.62
"Book 841","Hardcover",186,1998,3.83
"Book 842","Paperback",385,1921,1.78
"Book 843","Paperback",603,1946,2.85
"Book 844","Hardcover",796,1979,1.98
"Book 845","Paperback",675,2021,1.07
"Book 846","Paperback",211,1943,3.42
"Book 847","Hardcover",419,2019,1.3
"Book 848","Paperback",718,2002,2.26
"Book 849","Hardcover",240,1950,3.4
"Book 850","Paperback",267,1947,2.12
"Book 851","Paperback",667,1966,4.51
"Book 852","Paperback",356,2014,2.45
"Book 853","Paperback",523,1904,4.08
"Book 854","Paperback",410,1910,4.11
"Book 855","Paperback",513,1981,2.03
"Book 856","Hardcover",578,1904,3.36
"Book 857","Hardcover",774,2021,1.3
"Book 858","Hardcover",722,1948,4.31
"Book 859","Hardcover",509,1982,3.38
"Book 860","Hardcover",733,1961,1.69
"Book 861","Paperback",23,1940,4.54
"Book 862","Paperback",61,1929,3.19
"Book 863","Paperback",347,2013,1.69
"Book 864","Paperback",231,1928,2.49
"Book 865","Hardcover",507,1960,4.23
"Book 866","Hardcover",410,2002,3.64
"Book 867","Paperback",41,1907,3.72
"Book 868","Hardcover",416,1914,1.86
"Book 869","Paperback",547,1900,4.47
"Book 870","Hardcover",613,1986,2.58
"Book 871","Hardcover",355,1983,1.06
"Book 872","Paperback",683,1971,1.5
"Book 873","Hardcover",25,1982,4.82
"Book 874","Hardcover",778,1942,4.61
"Book 875","Hardcover",607,1954,1.05
"Book 876","Hardcover",511,2014,1.01
"Book 877","Paperback",191,1908,3.73
"Book 878","Paperback",359,1953,3.38
"Book 879","Hardcover",635,1907,3.2
"Book 880","Paperback",133,1958,2.74
"Book 881","Paperback",60,1959,1.32
"Book 882","Paperback",799,2020,3.61
"Book 883","Hardcover",33,1998,4.53
"Book 884","Hardcover",401,1917,1.24
"Book 885","Hardcover",381,1938,1.11
"Book 886","Hardcover",156,1995,2.71
"Book 887","Hardcover",365,1947,2.64
"Book 888","Hardcover",377,1913,3.69
"Book 889","Paperback",743,1991,2.8
"Book 890","Hardcover",456,1980,3.37
"Book 891","Paperback",155,1948,1.92
"Book 892","Hardcover",266,1953,3.58
"Book 893","Hardcover",759,2011,1.68
"Book 894","Paperback",226,1948,1.65
"Book 895","Paperback",395,1952,2.49
"Book 896","Paperback",267,1916,3.21
"Book 897","Hardcover",527,1979,4.93
"Book 898","Hardcover",105,1915,4.99
"Book 899","Hardcover",609,1929,4.15
"Book 900","Paperback",483,2006,2.97
"Book 901","Paperback",765,1911,3.27
"Book 902","Paperback",311,1931,4.85
"Book 903","Paperback",273,1965,1.79
"Book 904","Hardcover",442,2022,2.1
"Book 905","Paperback",90,1921,1.81
"Book 906","Paperback",465,1951,4.86
"Book 907","Hardcover",242,1940,2.11
"Book 908","Hardcover",39,1977,1.75
"Book 909","Paperback",748,2006,4.95
"Book 910","Paperback",344,1928,2.43
"Book 911","Hardcover",451,1937,1.24
"Book 912","Paperback",247,2017,1.54
"Book 913","Hardcover",772,1968,3.57
"Book 914","Hardcover",408,2004,3.9
"Book 915","Hardcover",218,1993,3.87
"Book 916","Hardcover",209,1938,1.78
"Book 917","Paperback",320,1986,4.23
"Book 918","Paperback",637,1906,2.24
"Book 919","Paperback",286,1982,4.1
"Book 920","Hardcover",546,1967,2.93
"Book 921","Paperback",421,1964,1.49
"Book 922","Paperback",372,1942,2.57
"Book 923","Hardcover",192,1970,2.22
"Book 924","Paperback",564,2005,4.3
"Book 925","Paperback",21,2002,3.92
"Book 926","Hardcover",429,1950,4.03
"Book 927","Hardcover",763,1939,4.65
"Book 928","Hardcover",232,1931,2.46
"Book 929","Hardcover",671,1970,1.19
"Book 930","Paperback",85,2004,1.96
"Book 931","Hardcover",164,1947,2.32
"Book 932","Hardcover",717,1927,2.32
"Book 933","Paperback",495,1977,4.65
"Book 934","Hardcover",309,2015,2.25
"Book 935","Paperback",350,1923,3.09
"Book 936","Hardcover",780,1968,1.21
"Book 937","Hardcover",782,1991,1.42
"Book 938","Hardcover",758,1972,1.17
"Book 939","Paperback",313,2023,4.16
"Book 940","Hardcover",389,1960,3.25
"Book 941","Hardcover",405,1992,1.27
"Book 942","Paperback",100,1966,2.23
"Book 943","Paperback",679,1900,3.98
"Book 944","Paperback",406,2014,3.48
"Book 945","Hardcover",455,2009,3.52
"Book 946","Paperback",65,1975,5
"Book 947","Paperback",392,1927,1.97
"Book 948","Paperback",799,1943,2.65
"Book 949","Hardcover",116,1963,4.11
"Book 950","Hardcover",504,1997,4.55
"Book 951","Paperback",141,1920,2.41
"Book 952","Paperback",602,1929,2.14
"Book 953","Hardcover",396,1977,4.36
"Book 954","Hardcover",772,1979,3.03
"Book 955","Hardcover",772,1952,2.39
"Book 956","Paperback",457,1987,4.85
"Book 957","Paperback",63,1924,1.82
"Book 958","Paperback",368,1913,4.08
"Book 959","Paperback",143,1913,2.69
"Book 960","Hardcover",607,2023,1.72
"Book 961","Paperback",536,1985,2.71
"Book 962","Paperback",713,2009,4.65
"Book 963","Hardcover",173,1919,1.52
"Book 964","Paperback",479,1917,3.89
"Book 965","Hardcover",388,1918,1.36
"Book 966","Paperback",31,2018,3.75
"Book 967","Hardcover",54,1989,2.45
"Book 968","Hardcover",721,1980,1.26
"Book 969","Paperback",711,2016,3.34
"Book 970","Paperback",77,1935,4.89
"Book 971","Paperback",683,2021,2.11
"Book 972","Hardcover",390,1972,2.44
"Book 973","Hardcover",56,1938,2.77
"Book 974","Hardcover",62,2022,2.84
"Book 975","Paperback",712,1941,1.69
"Book 976","Paperback",505,1983,4
"Book 977","Hardcover",303,1964,2.91
"Book 978","Hardcover",615,1988,3.92
"Book 979","Hardcover",349,1986,1.16
"Book 980","Paperback",722,1925,2.71
"Book 981","Paperback",357,1982,2.46
"Book 982","Hardcover",736,2021,4.49
"Book 983","Paperback",505,2011,4.59
"Book 984","Hardcover",733,2017,3.72
"Book 985","Hardcover",650,1932,3.89
"Book 986","Paperback",70,1966,3.49
"Book 987","Hardcover",56,1964,3.56
"Book 988","Hardcover",482,2020,4.8
"Book 989","Hardcover",518,2014,2.82
"Book 990","Paperback",786,1981,2.06
"Book 991","Hardcover",344,1976,3.48
"Book 992","Hardcover",590,1921,4.28
"Book 993","Paperback",532,1961,2.74
"Book 994","Hardcover",315,1936,3.15
"Book 995","Hardcover",389,1984,1.95
"Book 996","Hardcover",224,1963,3.97
"Book 997","Paperback",506,1957,4.88
"Book 998","Paperback",36,1963,4.28
"Book 999","Hardcover",505,2002,1.43
"Book 1000","Hardcover",723,1982,4.74
